{
  "IcoMoonType": "selection",
  "icons": [
    {
      "icon": {
        "paths": [
          "M853.333 442.18c0 244.365-341.333 453.82-341.333 453.82s-341.333-209.455-341.333-453.82c0-173.516 152.82-314.18 341.333-314.18s341.333 140.664 341.333 314.18v0z",
          "M512 597.333c70.694 0 128-57.306 128-128 0-70.692-57.306-128-128-128s-128 57.308-128 128c0 70.694 57.306 128 128 128z"
        ],
        "attrs": [
          {
            "fill": "none",
            "stroke": "rgb(157, 164, 189)",
            "strokeLinejoin": "round",
            "strokeLinecap": "round",
            "strokeMiterlimit": "4",
            "strokeWidth": 42.666666666666664
          },
          {
            "fill": "none",
            "stroke": "rgb(157, 164, 189)",
            "strokeLinejoin": "round",
            "strokeLinecap": "round",
            "strokeMiterlimit": "4",
            "strokeWidth": 42.666666666666664
          }
        ],
        "isMulticolor": false,
        "isMulticolor2": false,
        "grid": 0,
        "tags": [
          "map-pin"
        ]
      },
      "attrs": [
        {
          "fill": "none",
          "stroke": "rgb(157, 164, 189)",
          "strokeLinejoin": "round",
          "strokeLinecap": "round",
          "strokeMiterlimit": "4",
          "strokeWidth": 42.666666666666664
        },
        {
          "fill": "none",
          "stroke": "rgb(157, 164, 189)",
          "strokeLinejoin": "round",
          "strokeLinecap": "round",
          "strokeMiterlimit": "4",
          "strokeWidth": 42.666666666666664
        }
      ],
      "properties": {
        "order": 94,
        "id": 1,
        "name": "map-pin",
        "prevSize": 32
      },
      "setIdx": 0,
      "setId": 3,
      "iconIdx": 0
    },
    {
      "icon": {
        "paths": [
          "M853.312 682.786v102.976c0.077 19.328-7.996 37.794-22.238 50.863-14.246 13.069-33.34 19.524-52.591 17.783-105.621-11.477-207.078-47.569-296.218-105.374-82.932-52.702-153.245-123.012-205.945-205.948-58.009-89.545-94.109-191.494-105.375-297.59-1.734-19.191 4.677-38.228 17.669-52.46s31.366-22.348 50.636-22.366h102.973c34.457-0.339 63.826 24.918 68.649 59.038 4.346 32.954 12.406 65.309 24.025 96.451 9.434 25.087 3.401 53.367-15.444 72.424l-43.592 43.593c48.863 85.931 120.015 157.082 205.946 205.943l43.593-43.593c19.055-18.842 47.339-24.875 72.422-15.445 31.142 11.622 63.501 19.682 96.452 24.030 34.517 4.868 59.904 34.829 59.038 69.675z"
        ],
        "attrs": [
          {
            "fill": "none",
            "stroke": "rgb(157, 164, 189)",
            "strokeLinejoin": "round",
            "strokeLinecap": "round",
            "strokeMiterlimit": "4",
            "strokeWidth": 42.666666666666664
          }
        ],
        "isMulticolor": false,
        "isMulticolor2": false,
        "grid": 0,
        "tags": [
          "phone"
        ]
      },
      "attrs": [
        {
          "fill": "none",
          "stroke": "rgb(157, 164, 189)",
          "strokeLinejoin": "round",
          "strokeLinecap": "round",
          "strokeMiterlimit": "4",
          "strokeWidth": 42.666666666666664
        }
      ],
      "properties": {
        "order": 95,
        "id": 0,
        "name": "phone",
        "prevSize": 32
      },
      "setIdx": 0,
      "setId": 3,
      "iconIdx": 1
    },
    {
      "icon": {
        "paths": [
          "M204.8 213.333h614.4c42.24 0 76.8 33.6 76.8 74.667v448c0 41.067-34.56 74.667-76.8 74.667h-614.4c-42.24 0-76.8-33.6-76.8-74.667v-448c0-41.067 34.56-74.667 76.8-74.667z",
          "M853.333 298.667l-341.333 256-341.333-256"
        ],
        "attrs": [
          {
            "fill": "none",
            "stroke": "rgb(157, 164, 189)",
            "strokeLinejoin": "round",
            "strokeLinecap": "round",
            "strokeMiterlimit": "4",
            "strokeWidth": 42.666666666666664
          },
          {
            "fill": "none",
            "stroke": "rgb(157, 164, 189)",
            "strokeLinejoin": "round",
            "strokeLinecap": "round",
            "strokeMiterlimit": "4",
            "strokeWidth": 42.666666666666664
          }
        ],
        "isMulticolor": false,
        "isMulticolor2": false,
        "grid": 0,
        "tags": [
          "mail"
        ]
      },
      "attrs": [
        {
          "fill": "none",
          "stroke": "rgb(157, 164, 189)",
          "strokeLinejoin": "round",
          "strokeLinecap": "round",
          "strokeMiterlimit": "4",
          "strokeWidth": 42.666666666666664
        },
        {
          "fill": "none",
          "stroke": "rgb(157, 164, 189)",
          "strokeLinejoin": "round",
          "strokeLinecap": "round",
          "strokeMiterlimit": "4",
          "strokeWidth": 42.666666666666664
        }
      ],
      "properties": {
        "order": 93,
        "id": 2,
        "name": "mail",
        "prevSize": 32
      },
      "setIdx": 0,
      "setId": 3,
      "iconIdx": 2
    },
    {
      "icon": {
        "paths": [
          "M1022.996 301.059c-2.396-54.409-11.197-91.814-23.798-124.227-13.005-34.405-33.009-65.208-59.218-90.814-25.605-26.006-56.612-46.212-90.619-59.012-32.599-12.604-69.811-21.403-124.216-23.802-54.815-2.602-72.218-3.204-211.246-3.204-139.027 0-156.429 0.602-211.041 3.001-54.409 2.399-91.815 11.205-124.22 23.802-34.413 13.003-65.215 33.007-90.822 59.215-26.005 25.606-46.204 56.612-59.011 90.619-12.604 32.608-21.403 69.811-23.802 124.22-2.602 54.815-3.204 72.217-3.204 211.247 0 139.023 0.602 156.426 3.001 211.041 2.399 54.405 11.205 91.812 23.809 124.227 13.003 34.401 33.202 65.208 59.207 90.813 25.607 26.004 56.612 46.213 90.619 59.013 32.608 12.6 69.81 21.402 124.227 23.798 54.604 2.406 72.014 3 211.042 3s156.426-0.594 211.041-3c54.41-2.396 91.812-11.197 124.216-23.798 68.818-26.609 123.228-81.019 149.837-149.827 12.595-32.609 21.402-69.821 23.803-124.227 2.396-54.615 3-72.018 3-211.041 0-139.030-0.205-156.431-2.606-211.044zM930.785 719.14c-2.202 50.012-10.604 77.015-17.603 95.017-17.208 44.611-52.613 80.015-97.224 97.224-18.002 7.004-45.204 15.401-95.017 17.597-54.011 2.406-70.211 3-206.838 3-136.63 0-153.031-0.594-206.846-3-50.010-2.196-77.015-10.593-95.018-17.597-22.2-8.202-42.407-21.207-58.808-38.211-17.004-16.604-30.006-36.608-38.211-58.808-7.002-18.002-15.401-45.21-17.597-95.017-2.407-54.011-3.001-70.216-3.001-206.848 0-136.626 0.594-153.028 3.001-206.835 2.195-50.010 10.595-77.015 17.597-95.018 8.205-22.207 21.207-42.407 38.414-58.817 16.597-17.003 36.601-30.006 58.808-38.203 18.003-7.001 45.212-15.401 95.018-17.605 54.010-2.399 70.217-3.001 206.838-3.001 136.832 0 153.027 0.602 206.843 3.001 50.012 2.203 77.015 10.604 95.022 17.605 22.195 8.197 42.404 21.2 58.808 38.203 16.998 16.605 30.003 36.609 38.211 58.817 6.999 18.003 15.401 45.204 17.603 95.018 2.401 54.010 3 70.209 3 206.835 0 136.632-0.599 152.632-3 206.643z",
          "M513.9 249.044c-145.222 0-263.050 117.82-263.050 263.053 0 145.229 117.828 263.050 263.050 263.050 145.234 0 263.055-117.821 263.055-263.050 0-145.233-117.821-263.053-263.055-263.053zM513.9 682.732c-94.212 0-170.633-76.416-170.633-170.634 0-94.224 76.421-170.637 170.633-170.637 94.223 0 170.634 76.413 170.634 170.637 0 94.218-76.411 170.634-170.634 170.634z",
          "M848.768 238.648c0 33.913-27.5 61.41-61.42 61.41-33.915 0-61.409-27.497-61.409-61.41 0-33.921 27.494-61.411 61.409-61.411 33.92 0 61.42 27.49 61.42 61.411z"
        ],
        "attrs": [
          {},
          {},
          {}
        ],
        "isMulticolor": false,
        "isMulticolor2": false,
        "grid": 0,
        "tags": [
          "instagram"
        ]
      },
      "attrs": [
        {},
        {},
        {}
      ],
      "properties": {
        "order": 90,
        "id": 2,
        "name": "instagram",
        "prevSize": 32
      },
      "setIdx": 1,
      "setId": 2,
      "iconIdx": 0
    },
    {
      "icon": {
        "paths": [
          "M1024 194.496c-38.077 16.704-78.659 27.776-120.96 33.152 43.52-25.984 76.739-66.816 92.349-116.032-40.571 24.192-85.371 41.28-133.12 50.816-38.528-41.024-93.44-66.432-153.344-66.432-116.219 0-209.789 94.336-209.789 209.984 0 16.64 1.408 32.64 4.864 47.872-174.528-8.512-328.96-92.16-432.704-219.584-18.112 31.424-28.736 67.392-28.736 106.112 0 72.704 37.44 137.152 93.248 174.464-33.728-0.64-66.816-10.432-94.848-25.856 0 0.64 0 1.472 0 2.304 0 102.016 72.768 186.752 168.192 206.269-17.088 4.675-35.712 6.912-55.040 6.912-13.44 0-27.008-0.763-39.744-3.584 27.2 83.139 104.384 144.261 196.16 146.243-71.424 55.875-162.112 89.533-260.288 89.533-17.216 0-33.728-0.763-50.24-2.877 92.992 59.971 203.2 94.208 322.048 94.208 386.304 0 597.504-320 597.504-597.376 0-9.28-0.317-18.24-0.768-27.136 41.667-29.568 76.672-66.496 105.216-108.992z"
        ],
        "attrs": [
          {}
        ],
        "isMulticolor": false,
        "isMulticolor2": false,
        "grid": 0,
        "tags": [
          "twitter"
        ]
      },
      "attrs": [
        {}
      ],
      "properties": {
        "order": 92,
        "id": 0,
        "name": "twitter",
        "prevSize": 32
      },
      "setIdx": 1,
      "setId": 2,
      "iconIdx": 1
    },
    {
      "icon": {
        "paths": [
          "M682.537 170.026h93.481v-162.816c-16.128-2.219-71.593-7.211-136.192-7.211-134.784 0-227.115 84.778-227.115 240.598v143.402h-148.736v182.016h148.736v457.984h182.356v-457.943h142.72l22.656-182.014h-165.417v-125.397c0.041-52.608 14.208-88.619 87.511-88.619z"
        ],
        "attrs": [
          {}
        ],
        "isMulticolor": false,
        "isMulticolor2": false,
        "grid": 0,
        "tags": [
          "facebook"
        ]
      },
      "attrs": [
        {}
      ],
      "properties": {
        "order": 89,
        "id": 3,
        "name": "facebook",
        "prevSize": 32
      },
      "setIdx": 1,
      "setId": 2,
      "iconIdx": 2
    },
    {
      "icon": {
        "paths": [
          "M1023.749 1024.005v-0.041h0.256v-375.552c0-183.725-39.552-325.25-254.336-325.25-103.255 0-172.544 56.661-200.832 110.378h-2.99v-93.226h-203.647v683.65h212.054v-338.519c0-89.129 16.896-175.318 127.273-175.318 108.759 0 110.382 101.718 110.382 181.037v332.841h211.84z",
          "M16.9 340.35h212.31v683.65h-212.31v-683.65z",
          "M122.966 0c-67.883 0-122.966 55.082-122.966 122.966s55.082 124.117 122.966 124.117c67.882 0 122.965-56.234 122.965-124.117-0.042-67.883-55.125-122.966-122.965-122.966v0z"
        ],
        "attrs": [
          {},
          {},
          {}
        ],
        "isMulticolor": false,
        "isMulticolor2": false,
        "grid": 0,
        "tags": [
          "linkedin"
        ]
      },
      "attrs": [
        {},
        {},
        {}
      ],
      "properties": {
        "order": 91,
        "id": 1,
        "name": "linkedin",
        "prevSize": 32
      },
      "setIdx": 1,
      "setId": 2,
      "iconIdx": 3
    },
    {
      "icon": {
        "paths": [
          "M204.8 375.468v-68.268h614.4v68.268h-614.4zM204.8 546.132h614.4v-68.265h-614.4v68.265zM204.8 716.8h614.4v-68.268h-614.4v68.268z"
        ],
        "attrs": [
          {
            "fill": "rgb(255, 255, 255)"
          }
        ],
        "isMulticolor": false,
        "isMulticolor2": false,
        "grid": 0,
        "tags": [
          "menu_40px"
        ]
      },
      "attrs": [
        {
          "fill": "rgb(255, 255, 255)"
        }
      ],
      "properties": {
        "order": 87,
        "id": 0,
        "name": "menu_40px",
        "prevSize": 32
      },
      "setIdx": 2,
      "setId": 1,
      "iconIdx": 0
    },
    {
      "icon": {
        "paths": [
          "M759.468 329.728l-48.128-48.128-190.807 190.804-190.804-190.804-48.128 48.128 190.804 190.804-190.804 190.807 48.128 48.128 190.804-190.807 190.807 190.807 48.128-48.128-190.807-190.807 190.807-190.804z"
        ],
        "attrs": [
          {}
        ],
        "isMulticolor": false,
        "isMulticolor2": false,
        "grid": 0,
        "tags": [
          "close_40px"
        ]
      },
      "attrs": [
        {}
      ],
      "properties": {
        "order": 88,
        "id": 1,
        "name": "close_40px",
        "prevSize": 32
      },
      "setIdx": 2,
      "setId": 1,
      "iconIdx": 1
    },
    {
      "icon": {
        "paths": [
          "M715.888 308.48l-23.954-18.286c-3.745-3.030-8.534-4.462-13.327-3.983-4.795 0.479-9.205 2.831-12.273 6.543l-331.52 380.709 5.12 5.669 82.103-75.703c-2.737-1.101-5.001-3.125-6.4-5.722-1.397-2.597-1.841-5.603-1.254-8.492 0.585-2.891 2.167-5.486 4.467-7.331 2.3-1.847 5.175-2.829 8.124-2.776 2.659 0 5.248 0.852 7.387 2.432s3.716 3.803 4.498 6.345l108.251-100.389c1.657-1.335 3.721-2.063 5.851-2.063 2.128 0 4.193 0.728 5.851 2.063l5.486 4.023c1.856 1.331 4.142 1.918 6.409 1.648s4.35-1.381 5.842-3.11l141.531-158.72c1.503-1.574 2.651-3.456 3.363-5.515 0.713-2.059 0.975-4.246 0.766-6.415s-0.881-4.266-1.971-6.151c-1.092-1.887-2.576-3.515-4.352-4.776z",
          "M871.676 415.634c-72.549 51.621-153.823 89.717-239.909 112.457-85.442 21.729-172.869 34.717-260.937 38.766 1.774 12.987 4.961 25.741 9.509 38.034 49.737 44.983 424.229-31.817 497.371-120.686 15.543-18.469-6.034-68.571-6.034-68.571zM426.968 603.429c-2.459 0-4.864-0.73-6.908-2.096s-3.639-3.308-4.581-5.581c-0.94-2.273-1.187-4.773-0.708-7.184 0.481-2.412 1.666-4.628 3.405-6.367s3.953-2.922 6.365-3.403c2.412-0.479 4.913-0.232 7.184 0.708 2.273 0.942 4.215 2.536 5.581 4.581s2.096 4.449 2.096 6.908c0.024 1.64-0.28 3.268-0.896 4.787s-1.532 2.9-2.692 4.059c-1.159 1.159-2.54 2.075-4.059 2.692s-3.147 0.92-4.787 0.896z",
          "M73.144 389.301l2.926-12.617 47.543 10.789c3.922 7.245 6.348 15.205 7.131 23.406 0.907 8.688 0.351 17.465-1.646 25.966-2.367 11.8-7.79 22.771-15.726 31.817-7.551 8.541-17.286 14.864-28.16 18.286-11.207 3.456-23.128 3.899-34.56 1.28-11.457-2.474-22.019-8.038-30.537-16.091-8.388-7.735-14.412-17.688-17.372-28.709-3.283-11.968-3.283-24.602 0-36.571 1.965-8.958 5.494-17.499 10.423-25.234 4.665-7.033 10.932-12.862 18.286-17.006l6.583 10.057c-6.303 3.871-11.713 9.033-15.874 15.148s-6.977 13.043-8.263 20.326c-2.268 9.461-2.079 19.343 0.549 28.709 2.457 8.894 7.331 16.933 14.080 23.223 6.937 6.707 15.617 11.332 25.051 13.349 9.149 2.569 18.828 2.569 27.977 0 8.764-2.893 16.636-7.993 22.857-14.811 6.393-7.362 10.799-16.238 12.8-25.783 3.009-11.577 2.24-23.813-2.194-34.926l-41.874-10.606z",
          "M176.639 274.288l-42.606 56.869 18.286 32.731-8.411 11.337-67.657-123.429 7.863-10.789 137.691 29.623-8.594 11.337-36.571-7.68zM164.57 271.362l-73.143-16.457 36.571 65.646 36.571-49.189z",
          "M164.571 156.342l10.971-8.229 69.669 93.258 57.417-42.971 6.949 9.326-68.206 51.017-76.8-102.4z",
          "M279.768 80.091l12.251-5.486 48.274 105.691 65.28-29.623 4.754 10.606-77.531 35.292-53.029-116.481z",
          "M520.777 122.149l2.743 11.52-88.137 20.663-29.257-124.709 85.577-19.931 2.56 11.337-73.143 17.006 10.423 44.251 64.366-15.177 2.743 11.337-64.549 14.994 10.971 46.263 75.703-17.554z",
          "M646.396 126.719l-30.537-40.229c-3.41 0.189-6.828 0.189-10.24 0l-34.377 1.097 1.28 40.594h-13.531l-4.206-128 48.64-0.183c13.753-1.27 27.505 2.427 38.766 10.423 4.747 3.822 8.561 8.671 11.16 14.183 2.597 5.512 3.909 11.542 3.835 17.634 0.534 9.037-1.836 18.007-6.766 25.6-5.253 7.288-12.677 12.728-21.211 15.543l32 42.789-14.811 0.549zM633.596 66.559c3.288-3.011 5.839-6.737 7.455-10.891s2.256-8.623 1.871-13.064c0.095-4.464-0.827-8.891-2.695-12.946-1.871-4.055-4.637-7.632-8.093-10.46-8.428-5.715-18.562-8.361-28.709-7.497l-34.743 1.28 2.194 64 34.011-1.097c10.372 0.384 20.544-2.92 28.709-9.326z",
          "M743.133 92.709l-6.583 43.703-13.349-2.011 6.766-42.971-37.851-91.429 14.263 2.194 32.366 77.897 54.857-64.549 12.8 2.743-63.269 74.423z",
          "M923.973 85.029l15.909 20.663-6.949 5.486-15.909-21.211-10.057 23.954-7.68-3.291 10.24-23.954-26.331 3.474v-8.777l25.966-2.926-16.091-20.663 7.131-5.486 14.080 20.846 9.874-24.137 7.863 3.291-9.326 24.503 26.331-3.657v8.96l-25.051 2.926z",
          "M985.050 232.411c-4.317-6.656-7.011-14.235-7.863-22.126l10.789-4.754c0.81 7.248 3.18 14.235 6.949 20.48 4.085 7.003 9.415 13.2 15.726 18.286 6.519 6.241 14.835 10.271 23.771 11.52 3.229 0.3 6.482-0.194 9.479-1.435 2.995-1.243 5.641-3.198 7.709-5.696 1.518-1.673 2.673-3.641 3.397-5.778 0.722-2.139 0.998-4.405 0.808-6.656-0.603-4.456-2.096-8.746-4.389-12.617-3.436-5.612-7.159-11.045-11.154-16.274-4.868-6.378-9.267-13.1-13.166-20.114-2.979-5.249-4.612-11.154-4.754-17.188-0.013-6.776 2.534-13.307 7.131-18.286 3.986-4.825 9.243-8.436 15.177-10.423 6.63-1.915 13.669-1.915 20.297 0 8.543 2.794 16.439 7.27 23.223 13.166 5.63 4.682 10.611 10.094 14.811 16.091 3.886 5.562 6.791 11.746 8.594 18.285l-10.423 5.486c-1.818-6.095-4.529-11.887-8.046-17.188-3.502-4.733-7.621-8.977-12.251-12.617-6.42-6.213-14.711-10.133-23.589-11.154-3.26-0.273-6.539 0.27-9.54 1.578s-5.628 3.343-7.649 5.919c-1.554 1.647-2.736 3.611-3.461 5.757s-0.98 4.424-0.744 6.677c0.428 4.611 1.931 9.058 4.389 12.982 2.56 4.206 6.217 9.691 11.154 16.274 4.895 6.232 9.296 12.835 13.166 19.749 3.043 5.233 4.74 11.14 4.937 17.189 0.013 6.777-2.534 13.308-7.131 18.286-3.999 4.891-9.337 8.514-15.36 10.423-6.618 1.999-13.678 1.999-20.297 0-8.6-2.785-16.558-7.261-23.406-13.166-7.38-6.424-13.57-14.098-18.286-22.674z",
          "M1169.009 259.109l-25.783-36.571 9.509-6.766 59.429 84.846-9.509 6.766-25.783-36.571-95.451 66.743-7.68-11.154 95.269-67.291z",
          "M1128.049 409.417c3.264-11.052 9.607-20.946 18.286-28.526 8.49-7.605 18.834-12.838 29.989-15.177 11.372-2.611 23.232-2.169 34.377 1.28 10.759 3.557 20.401 9.86 27.977 18.286 7.877 9.062 13.237 20.034 15.543 31.817 3.030 11.568 3.030 23.722 0 35.291-3.354 11.010-9.68 20.88-18.286 28.526-8.724 7.808-19.323 13.226-30.762 15.726s-23.331 1.995-34.518-1.463c-10.84-3.385-20.526-9.715-27.977-18.286-7.841-9.015-13.199-19.919-15.543-31.634-2.792-11.825-2.478-24.174 0.914-35.84zM1152.004 467.566c6.106 6.952 14.018 12.080 22.857 14.811 9.112 2.642 18.743 2.957 28.006 0.911 9.265-2.044 17.869-6.382 25.022-12.613 6.749-6.21 11.734-14.096 14.446-22.857 2.551-9.251 2.8-18.986 0.728-28.356s-6.402-18.090-12.613-25.404c-6.373-6.987-14.528-12.107-23.589-14.811-9.227-2.45-18.933-2.45-28.16 0-9.309 1.787-17.927 6.159-24.869 12.617-6.811 6.232-11.803 14.193-14.446 23.040-2.483 9.284-2.483 19.057 0 28.343 2.002 9.072 6.354 17.457 12.617 24.32z",
          "M1114.152 621.714l47.36-18.286c0-3.291 1.097-6.583 2.011-10.057l8.96-33.097-38.766-10.057 3.474-12.983 123.611 33.097-12.434 46.263c-2.8 13.499-10.32 25.558-21.211 34.011-5.003 3.476-10.743 5.745-16.77 6.634s-12.178 0.369-17.973-1.514c-8.823-1.915-16.731-6.78-22.416-13.795s-8.806-15.759-8.852-24.788l-50.469 18.286 3.474-13.714zM1175.409 626.834c2.143 3.886 5.049 7.3 8.543 10.033s7.506 4.734 11.794 5.879c4.286 1.145 8.761 1.41 13.155 0.781 4.392-0.629 8.613-2.139 12.405-4.442 8.071-6.482 13.579-15.62 15.543-25.783l8.777-32.914-61.989-16.64-8.777 32.914c-3.374 9.808-3.178 20.493 0.549 30.171z",
          "M1048.505 739.474l-9.326-7.131 54.857-72.229 102.034 77.349-53.029 70.034-9.326-7.131 44.8-59.063-36.571-27.611-40.046 52.846-9.143-6.949 40.96-52.846-37.851-28.709-47.36 61.44z",
          "M1005.711 885.211l-26.149 1.463v-8.777l26.149-0.183-14.080-21.76 7.131-4.571 13.897 21.943 11.337-24.503 7.863 4.206-12.434 23.040 26.149-1.463v8.96h-26.514l14.080 21.76-7.131 4.571-13.897-21.943-12.069 23.771-7.68-4.389 13.349-22.126z",
          "M768.004 870.583l22.126 12.251c3.71-7.124 8.887-13.383 15.19-18.364 6.305-4.979 13.592-8.567 21.381-10.527 7.269-2.266 14.912-3.074 22.491-2.377 6.577 0.505 12.897 2.779 18.286 6.583 4.873 3.674 8.457 8.794 10.24 14.629 2.205 7.219 1.816 14.981-1.097 21.943-4.588 9.461-10.774 18.059-18.286 25.417 6.029 3.24 11.621 7.234 16.64 11.886 3.449 3.564 6.016 7.885 7.497 12.617 0.938 3.69 0.997 7.548 0.17 11.264s-2.512 7.186-4.924 10.13c-4.88 7.035-12.164 12.041-20.48 14.080-7.301 2.785-15.373 2.785-22.674 0-3.246-1.395-6.126-3.525-8.41-6.223s-3.911-5.888-4.756-9.32c-1.916-6.036-1.459-12.575 1.28-18.286 4.198-8.313 9.691-15.905 16.274-22.491l-44.069-24.503c-1.68 8.613-2.052 17.428-1.097 26.149h-11.154c-0.75-10.739 0.49-21.526 3.657-31.817l-23.040-12.8 4.754-10.24zM799.821 888.869l48.457 26.88c6.351-6.064 11.61-13.179 15.543-21.029 2.010-5.301 2.010-11.154 0-16.457-0.828-3.167-2.432-6.080-4.667-8.474s-5.030-4.195-8.133-5.241c-7.59-2.564-15.813-2.564-23.406 0-6.203 1.637-11.972 4.613-16.9 8.72-4.93 4.107-8.898 9.245-11.626 15.051l0.731 0.549zM868.575 962.011c1.196-2.021 1.944-4.273 2.196-6.607s0.002-4.696-0.733-6.925c-1.119-3.61-3.132-6.881-5.851-9.509-4.654-3.926-9.746-7.3-15.177-10.057-5.544 5.482-10.395 11.624-14.446 18.286-2.211 4.155-2.734 9.002-1.463 13.531 0.581 2.094 1.598 4.039 2.984 5.709 1.388 1.671 3.112 3.028 5.061 3.983 4.656 1.755 9.79 1.755 14.446 0 4.972-1.326 9.313-4.37 12.251-8.594l0.731 0.183z",
          "M545.099 1011.564l2.56-128h12.983l-2.011 102.4 51.931-85.211h6.4l48.64 86.674 1.829-101.851h12.983l-2.377 128h-11.154l-53.76-95.634-56.869 93.806-11.154-0.183z",
          "M481.463 877.714c8.362 7.969 14.345 18.105 17.284 29.275 2.939 11.173 2.715 22.941-0.644 33.993-3.004 11.317-9.006 21.614-17.371 29.806-8.13 7.991-18.324 13.563-29.44 16.091-11.727 2.646-23.934 2.267-35.474-1.097-11.502-2.809-22.084-8.541-30.72-16.64-8.238-7.868-14.126-17.871-17.006-28.891-2.812-11.394-2.604-23.322 0.602-34.609 3.207-11.288 9.302-21.544 17.684-29.756 7.985-7.971 17.962-13.654 28.891-16.457 11.666-2.639 23.812-2.262 35.291 1.097 11.621 2.944 22.272 8.869 30.903 17.189zM419.109 871.314c-8.945 2.083-17.121 6.645-23.589 13.166-6.736 6.709-11.536 15.109-13.897 24.32-2.551 9.15-2.551 18.825 0 27.977 2.156 8.903 6.784 17.017 13.349 23.406 6.885 6.733 15.386 11.58 24.686 14.080 9.298 2.368 19.043 2.368 28.343 0 8.951-2.202 17.156-6.746 23.771-13.166 6.7-6.736 11.494-15.128 13.897-24.32 2.556-9.212 2.556-18.948 0-28.16-2.341-8.87-7.013-16.953-13.531-23.406-6.921-6.742-15.501-11.536-24.869-13.897-9.214-2.547-18.946-2.547-28.16 0z",
          "M280.686 786.286l4.937 50.286c3.138 1.34 6.19 2.867 9.143 4.571l29.806 17.189 20.114-35.474 11.886 6.766-64 110.263-41.691-23.954c-12.323-6.19-22.043-16.56-27.429-29.257-1.988-5.72-2.657-11.814-1.962-17.83 0.697-6.016 2.743-11.796 5.985-16.912 4.251-8.013 10.99-14.431 19.2-18.286 8.34-3.454 17.565-4.158 26.331-2.011l-5.303-53.76 12.983 8.411zM259.84 844.069c-4.293 1.079-8.327 3.012-11.858 5.683-3.529 2.673-6.484 6.031-8.688 9.872-2.202 3.84-3.606 8.086-4.129 12.484-0.523 4.396-0.154 8.854 1.086 13.104 4.286 9.465 11.717 17.154 21.029 21.76l29.44 17.006 32-54.857-29.44-17.006c-8.461-6.34-18.88-9.51-29.44-8.96v0.914z",
          "M172.434 700.526l8.229-8.229 63.086 64.914-91.429 89.234-60.891-62.903 8.411-8.229 51.749 53.211 31.269-31.634-45.349-47.177 8.777-8.411 46.263 47.543 34.011-33.097-54.126-55.223z",
          "M36.573 628.663l4.389-25.234 8.594 1.28-4.937 25.966 24.32-8.96 2.926 8.046-24.686 8.411 20.297 17.189-5.851 6.583-19.566-18.286-4.571 25.966-8.777-1.646 5.12-25.966-24.503 8.777-2.743-7.131 24.503-8.594-20.297-17.006 6.034-6.583 19.749 17.189z"
        ],
        "attrs": [
          {},
          {},
          {},
          {},
          {},
          {},
          {},
          {},
          {},
          {},
          {},
          {},
          {},
          {},
          {},
          {},
          {},
          {},
          {},
          {},
          {},
          {}
        ],
        "width": 1262,
        "isMulticolor": false,
        "isMulticolor2": false,
        "grid": 0,
        "tags": [
          "logo"
        ]
      },
      "attrs": [
        {},
        {},
        {},
        {},
        {},
        {},
        {},
        {},
        {},
        {},
        {},
        {},
        {},
        {},
        {},
        {},
        {},
        {},
        {},
        {},
        {},
        {}
      ],
      "properties": {
        "order": 78,
        "id": 0,
        "name": "logo",
        "prevSize": 32
      },
      "setIdx": 3,
      "setId": 0,
      "iconIdx": 0
    }
  ],
  "height": 1024,
  "preferences": {
    "showGlyphs": true,
    "showCodes": true,
    "showQuickUse": true,
    "showQuickUse2": true,
    "showSVGs": true,
    "fontPref": {
      "prefix": "icon-",
      "metadata": {},
      "metrics": {
        "emSize": 1024,
        "baseline": 6.25,
        "whitespace": 50
      }
    },
    "imagePref": {
      "prefix": "icon-",
      "png": true,
      "useClassSelector": true,
      "color": 0,
      "bgColor": 16777215,
      "name": "icomoon",
      "classSelector": ".icon",
      "height": 32
    },
    "historySize": 50
  }
}